pilot_site_id,station_name,address,city,state,latitude,longitude
1,PILOT_J 001,5868 Nittany Valley Drive,Mill Hall,PA,41.03396,-77.51567
2,PILOT_J 002,2246 OH-45,Austinburg,OH,41.78552,-80.8537
3,PILOT_J 003,1150 North Canfield-Niles Road,Austintown,OH,41.1287,-80.76992
4,PILOT_J 004,39115 Colorado Road,Avon,OH,41.465084,-82.06068
6,PILOT_J 006,61700 Southgate Road,Cambridge,OH,39.997135,-81.57691
8,PILOT_J 008,25600 US-23,Circleville,OH,39.557945,-82.9571
9,Pilot TC #9,6830 State Route 123,Franklin,OH,39.54281119728665,-84.29036812698615
11,PILOT NORTH LIMA 011,10920 Market Street,North Lima,OH,40.959843,-80.6603
12,PILOT_J 012,3430 Libbey Road,Perrysburg,OH,41.52279,-83.461464
13,PILOT_J 013,8924 Lake Road,Seville,OH,41.02975,-81.906845
14,PILOT_J 014,7680 E 36  N State St,Sunbury,OH,40.244293,-82.86615
15,PILOT_J 015,5820 Hagman Road,Toledo,OH,41.723988,-83.508125
17,PILOT_J 017,15901 Eleven Mile Road,Battle Creek,MI,42.303024,-85.0824
21,PILOT_J 021,750 Baker Road,Dexter,MI,42.30175,-83.87693
24,PILOT_J 024,1100 North Dixie Highway,Monroe,MI,41.92479,-83.36614
26,PILOT_J 026,6158 US-223,Ottawa Lake,MI,41.79905,-83.6943
28,Pilot/J 028,15151 Commerce Road,Daleville,IN,40.11272,-85.565895
29,PILOT_J 029,6900 Old U.S. 27,Fremont,IN,41.744076,-84.99927
30,PILOT_J 030,2640 North 600 West,Greenfield,IN,39.821503,-85.91623
31,PILOT_J 031,8150 Indianapolis Boulevard,Highland,IN,41.567505,-87.47265
34,PILOT_J 034,4154 West US Highway 24,Remington,IN,40.7663,-87.12345
35,PILOT_J 035,6424 West Brick Road,South Bend,IN,41.73602,-86.33683
37,Pilot TC #37,2962 East 500 North,Whiteland,IN,39.551178,-86.04599
39,PILOT_J 039,6002 Monee-Manhattan Road,Monee,IL,41.42756,-87.75681
40,PILOT_J 040,2031 West Ryan Road,Oak Creek,WI,42.871494,-87.94443
41,PILOT_J 041,3060 Owingsville Road,Mt Sterling,KY,38.085842,-83.89915
43,PILOT_J 043,3500 North Plainview Road,Walcott,IA,41.6196,-90.784546
44,PILOT_J 044,1701 Ashley Road,Boonville,MO,38.93935,-92.77385
47,PILOT_J 047,259 Cherry Blossom Way,Georgetown,KY,38.276726,-84.56014
48,PILOT_J 048,58 Glendale-Hodgenville Road,Glendale,KY,37.59552,-85.864914
49,PILOT_J 049,8190 Pembroke-Oak Grove Road,Oak Grove,KY,36.678257,-87.40438
50,PILOT_J 050,489 Pendleton Road,Sulphur,KY,38.457527,-85.29938
51,PILOT_J 051,11190 Baileyton Road,Greeneville,TN,36.320637,-82.831825
52,PILOT_J 052,535 Waldron Road,La Vergne,TN,35.997826,-86.59509
53,PILOT_J 053,15559 Highway 13 South,Hurricane Mills,TN,35.88236,-87.80189
56,PILOT_J 056,2825 Lane Street,Kannapolis,NC,35.498455,-80.56096
57,PILOT_J 057,1342 Trollingwood Hawfields Road,Mebane,NC,36.066067,-79.3092
60,PILOT_J 060,2064 Homestead Road,Bowman,SC,33.41699,-80.666374
62,PILOT_J 062,3006 North Williston Road,Florence,SC,34.266495,-79.70176
63,PILOT_J 063,110 Frontage Road,Piedmont,SC,34.710686,-82.49759
65,Pilot/J 065,4091 Jimmie Dyess Parkway,Augusta,GA,33.48004,-82.13089
66,PILOT_J 066,5888 Highway 53,Braselton,GA,34.119724,-83.76166
67,PILOT_J 067,968 Cassville-White Road,Cartersville,GA,34.27204,-84.807655
68,PILOT_J 068,2185 US 441,Dublin,GA,32.49048,-82.934364
71,PILOT_J 071,7001 Highway 21,Port Wentworth,GA,32.18826,-81.19555
75,PILOT_J 075,6109 US 43 South,Satsuma,AL,30.872799,-88.04694
76,PILOT_J 076,4416 Skyland Boulevard East,Tuscaloosa,AL,33.1729,-87.478516
77,PILOT_J 077,2520 South Gallatin Street,Jackson,MS,32.273163,-90.19258
79,Pilot/J 079,2601 South Range Avenue,Denham Springs,LA,30.45203,-90.95706
81,PILOT_J 081,2010 New Castle Road,Portersville,PA,40.964577,-80.13998
87,PILOT_J 087,1050 US 301 South,Baldwin,FL,30.28397,-81.983864
90,PILOT_J 090,7300 West Okeechobee Road,Fort Pierce,FL,27.413893,-80.40015
91,PILOT_J 091,1625 County Road 210 West,Jacksonville,FL,30.065563,-81.49391
92,Pilot TC #92,4255 Nw Highway 326,Ocala,FL,29.268328,-82.19158
94,PILOT_J 094,26505 Jones Loop Road,Punta Gorda,FL,26.894146,-82.009285
95,PILOT_J 095,493 East State Route 44,Wildwood,FL,28.873646,-82.09521
96,PILOT_J 096,3051 State Road 60,Okeechobee,FL,27.699068,-80.901505
97,PILOT_J 097,175 Northwoods Blvd.,Vandalia,OH,39.90248,-84.192764
108,FJ EAST VERNAL 108,1521 South 1500 East,EAST VERNAL,UT,40.433414,-109.49912
114,PILOT CROSSVILLE 114,2449 Genesis Road,CROSSVILLE,TN,35.98624,-85.01233
118,PILOT BENTON 118,7801 Alcoa Road,BENTON,AR,34.60835,-92.53296
130,PILOT RICHFIELD 130,5219 Brecksville Road,RICHFIELD,OH,41.27611,-81.625946
131,PILOT OSCEOLA 131,2010 West Clay Street,OSCEOLA,IA,41.04059,-93.79477
133,PILOT CHEMULT 133,109450 US-97,CHEMULT,OR,43.2154,-121.78454
134,PILOT ST. CLOUD 134,4231 Clearwater Road,ST. CLOUD,MN,45.496044,-94.14903
137,PILOT WEED 137,395 E. Vista Drive,WEED,CA,41.39916,-122.37615
140,FJ ROOSEVELT 140,380 South 200 East,ROOSEVELT,UT,40.293976,-109.98976
141,PILOT EVANSTON 141,289 Bear River Drive,EVANSTON,WY,41.269123,-110.94139
144,PILOT 144,2975 Gun Club Road,AUGUSTA,GA,33.524162,-82.033394
145,PILOT SPRINGDALE 145,5660 West Sunset Avenue,SPRINGDALE,AR,36.1765,-94.19317
146,PILOT CASTLETON-ON-HUDSON  SCHODACK 146,995 US Route 9,CASTLETON-ON-HUDSON  SCHODACK,NY,42.497612,-73.67469
147,PILOT WEST WENDOVER 147,1200 Wendover Boulevard,WEST WENDOVER,NV,40.740116,-114.0666
150,PILOT 150,11633 Greencastle Pike,HAGERSTOWN,MD,39.634045,-77.806786
151,PILOT TUMWATER 151,2430 93Rd Avenue Sw,TUMWATER,WA,46.954224,-122.93525
152,PILOT MEMPHIS 152,14013 Memphis Blue Lick Road,MEMPHIS,IN,38.492043,-85.77348
154,PILOT LOST HILLS 154,14808 Warren Street,LOST HILLS,CA,35.61513,-119.65878
156,PILOT MORTONS GAP 156,95 Free Henry Ford Road,MADISONVILLE,KY,37.255318,-87.44883
157,PILOT SULPHUR SPRINGS 157,1200 South Hillcrest,SULPHUR SPRINGS,TX,33.11647,-95.63387
159,PILOT PROVIDENCE FORGE 159,6721 Emmaus Church Road,PROVIDENCE FORGE,VA,37.4998,-77.08919
163,PILOT LORDSBURG 163,1124 East Motel Drive,LORDSBURG,NM,32.34208,-108.68149
164,PILOT MAUSTON 164,1101 Gateway Avenue,MAUSTON,WI,43.797535,-90.0509
165,PILOT EFFINGHAM 165,2500 North 3rd Street,EFFINGHAM,IL,39.149185,-88.5306
167,PILOT NEVADA 167,2424 East Austin Road,NEVADA,MO,37.835266,-94.32478
168,PILOT DUNNIGAN 168,30035 County Road 8,DUNNIGAN,CA,38.862003,-121.95028
171,PILOT OAKWOOD 171,503 N. Oakwood Street,OAKWOOD,IL,40.12375,-87.779495
174,PILOT NEW ALBANY 174,500 State Highway 15 South,NEW ALBANY,MS,34.4678,-89.00609
179,PILOT 179,16921 Halfway Blvd,HAGERSTOWN,MD,39.62907,-77.783875
180,PILOT BELLEMONT 180,12500 W Interstate 40,BELLEMONT,AZ,35.23799,-111.820076
190,PILOT HAMPTON 190,66 NJ-173 West,HAMPTON,NJ,40.636963,-74.96846
192,PILOT TIFTON 192,4431 Union Road,TIFTON,GA,31.427921,-83.517006
195,PILOT WASCO 195,91485 Biggs Rufus Highway,WASCO,OR,45.66908,-120.83573
196,PILOT ROLAND 196,302 West Ray Fine Boulevard,ROLAND,OK,35.403896,-94.52167
198,PILOT PLYMOUTH 198,10619 9A Road,PLYMOUTH,IN,41.34198,-86.264275
199,PILOT HAUGHTON 199,490 North Elm Street,HAUGHTON,LA,32.544994,-93.51647
200,PILOT BORON 200,5725 CA-58,BORON,CA,34.99162,-117.543106
206,PILOT WEATHERFORD 206,1201 I-20 West,WEATHERFORD,TX,32.727245,-97.825165
208,PILOT PACIFIC 208,1475 Thornton Street,PACIFIC,MO,38.48789,-90.75818
209,PILOT VAN HORN 209,501 Van Horn Drive,VAN HORN,TX,31.03603,-104.82948
210,PILOT MAHWAH 210,230 Route 17 South,MAHWAH,NJ,41.09172,-74.15538
211,PILOT 211,14750 AZ-95,LAKE HAVASU CITY,AZ,34.728256,-114.31521
213,PILOT COLUMBUS 213,3600 Interchange Road,COLUMBUS,OH,39.97383,-83.10008
219,PILOT 219,7210 Strawberry Plains Pike,KNOXVILLE,TN,35.99927,-83.77762
222,PILOT 222,400 Haynes Street,STURBRIDGE,MA,42.065865,-72.10815
231,PILOT CORBIN 231,249 West Cumberland Gap Parkway,CORBIN,KY,36.974857,-84.10698
233,PILOT OAKLAND 233,800 John Long Road,OAKLAND,OR,43.539165,-123.28927
234,PILOT HUNTSVILLE 234,639 State Highway 75 North,HUNTSVILLE,TX,30.737982,-95.594055
236,PILOT MINOOKA 236,301 Ridge Road,MINOOKA,IL,41.46076,-88.27302
237,PILOT SALINAS 237,951 Work Street,SALINAS,CA,36.665604,-121.62988
238,PILOT PERCIVAL 238,2495 210th Avenue,PERCIVAL,IA,40.690266,-95.79288
239,PILOT UPPER SANDUSKY 239,1600 East Wyandot Avenue,UPPER SANDUSKY,OH,40.834267,-83.245476
242,PILOT SHELBYVILLE 242,1851 West 400 North,SHELBYVILLE,IN,39.583405,-85.81768
243,PILOT NITRO 243,4304 First Avenue,NITRO,WV,38.443943,-81.83055
247,PILOT CRAWFORDSVILLE 247,4403 East State Route 32,CRAWFORDSVILLE,IN,40.046093,-86.8205
249,PILOT TROY 249,820 Edwardsville Road,TROY,IL,38.731647,-89.90802
252,PILOT KEARNEY 252,600 W MO-92,KEARNEY,MO,39.36936,-94.37415
253,PILOT CARNEYS POINT 253,600 Pennsville-Auburn Road,CARNEYS POINT,NJ,39.681507,-75.47947
255,PILOT MILFORD 255,433 Old Gate Lane,MILFORD,CT,41.236584,-73.02254
256,PILOT DANVILLE 256,110 River Point Drive,DANVILLE,VA,36.58266,-79.35512
257,PILOT 257,4015 South Fm 1788,MIDLAND,TX,31.915264,-102.21511
259,PILOT MUSKOGEE 259,3000 North 32Nd Street,MUSKOGEE,OK,35.785007,-95.40161
260,PILOT ALBANY 260,310 Cordele Road,ALBANY,GA,31.580923,-84.08578
261,PILOT WINONA 261,403 SW Frontage Road,WINONA,MS,33.486,-89.7715
266,PILOT LAS CRUCES 266,2681 West Amador Avenue,LAS CRUCES,NM,32.296265,-106.81011
267,PILOT BYRON 267,2965 Highway 247C,BYRON,GA,32.612766,-83.74456
268,PILOT 268,2975 North Plainview Road,WALCOTT,IA,41.614597,-90.78221
270,PILOT 270,314 Lovell Road,KNOXVILLE,TN,35.90398,-84.14112
271,PILOT GARY 271,2501 Burr Street,GARY,IN,41.5731,-87.40206
274,PILOT BREAUX BRIDGE 274,2112 Rees Street,BREAUX BRIDGE,LA,30.294426,-91.914024
275,PILOT CHARLOTTE 275,3807 Statesville Avenue,CHARLOTTE,NC,35.27053,-80.83846
279,PILOT RIO RICO 279,769 East Frontage Road,RIO RICO,AZ,31.431248,-110.96222
280,PILOT BLOOMSBURY 280,979 Route 173,BLOOMSBURY,NJ,40.659637,-75.072815
281,PILOT GIRARD 281,2786 Salt Springs Road,GIRARD,OH,41.139862,-80.71939
282,PILOT BARSTOW 282,2591 Commerce Parkway,BARSTOW,CA,34.85472,-117.08716
284,PILOT 284,1200 Nadeau Road,MONROE,MI,41.963253,-83.35378
285,PILOT HEBRON 285,10258 Lancaster Road Sw,HEBRON,OH,39.945206,-82.53612
286,PILOT EATON 286,6141 US 127 North,EATON,OH,39.83166,-84.63082
287,PILOT BURBANK 287,10048 Avon Lake Road,BURBANK,OH,40.99922,-81.997734
289,PILOT BELOIT 289,3001 Milwaukee Road,BELOIT,WI,42.527206,-88.98007
293,PILOT 293,2020 Sw Highway 484,OCALA,FL,29.024513,-82.15919
296,PILOT 296,195 Baker Road,DEXTER,MI,42.29578,-83.87824
298,PILOT DRUMS 298,1114 State Route 93,DRUMS,PA,41.027412,-76.079926
299,PILOT BLOOMINGTON 299,1522 West Market Street,BLOOMINGTON,IL,40.482395,-89.01751
300,PILOT HAMMOND 300,2111 SW Railroad Avenue,HAMMOND,LA,30.477547,-90.45598
302,PILOT 302,6955 Theodore Dawes Road,THEODORE,AL,30.55941,-88.205246
303,PILOT NAPOLEON 303,905 American Road,NAPOLEON,OH,41.41654,-84.10424
304,FJ NEW HAVEN 304,3105 Doyle Road,NEW HAVEN,IN,41.058914,-84.979904
305,PILOT JAMESTOWN 305,1 Giant Crossing Po Box 960,JAMESTOWN,NM,35.481552,-108.43268
306,PILOT 306,5619 I-10 East,SAN ANTONIO,TX,29.439983,-98.380264
307,PILOT N. PALM SPRINGS 307,6605 N. Indian Canyon Drive Po Box 581236,N. PALM SPRINGS,CA,33.903034,-116.54653
308,PILOT LARAMIE 308,1564 Mccue Street,LARAMIE,WY,41.327255,-105.610985
309,PILOT CALDWELL 309,44133 Fairground Road,CALDWELL,OH,39.737537,-81.52796
310,PILOT DUNCAN 310,1405 East Main Street,DUNCAN,SC,34.915733,-82.10779
311,PILOT ERIE 311,8035 Perry Highway,ERIE,PA,42.069725,-80.03825
312,PILOT TALLAPOOSA 312,882 Georgia Highway 100,TALLAPOOSA,GA,33.68255,-85.26364
313,PILOT EAST ST. LOUIS 313,699 State Route 203,EAST ST. LOUIS,IL,38.6515,-90.13151
317,PILOT JOPLIN 317,4500 Highway 43 South,JOPLIN,MO,37.004578,-94.552956
318,PILOT INDIANAPOLIS 318,4607 South Harding Street,INDIANAPOLIS,IN,39.69757,-86.185135
321,PILOT 321,11229 Frontage Road,WALTON,KY,38.917576,-84.63262
322,PILOT BATH (KANONA AREA) 322,7767 State Route 53,BATH (KANONA AREA),NY,42.377632,-77.36376
324,PILOT FRANKSVILLE 324,13712 Northwestern Avenue,FRANKSVILLE,WI,42.779236,-87.95209
328,PILOT QUARTZSITE 328,1201 West Main Street,QUARTZSITE,AZ,33.661423,-114.23641
329,PILOT COUNCIL BLUFFS 329,2647 South 24th Street,COUNCIL BLUFFS,IA,41.23608,-95.878204
330,PILOT NEW BRAUNFELS 330,4142 Loop 337,NEW BRAUNFELS,TX,29.676708,-98.156876
331,PILOT ATLANTA 331,2605 Bouldercrest Road SE,ATLANTA,GA,33.685436,-84.31217
332,PILOT N. LITTLE ROCK 332,3300 Highway 391 North,N. LITTLE ROCK,AR,34.78138,-92.127365
335,PILOT RAYVILLE 335,103 Grimshaw Street,RAYVILLE,LA,32.45905,-91.75943
336,PILOT DUBOIS 336,1742 Rich Highway,DUBOIS,PA,41.14125,-78.78293
337,PILOT 337,2015 West Lucas Street,FLORENCE,SC,34.233112,-79.80183
338,PILOT CAYCE (COLUMBIA AREA) 338,3008 Highway 321,CAYCE (COLUMBIA AREA),SC,33.930035,-81.07822
340,PILOT FERNLEY 340,465 Pilot Road,FERNLEY,NV,39.61428,-119.26627
341,PILOT N. LAS VEGAS 341,3812 East Craig Road,N. LAS VEGAS,NV,36.241318,-115.097786
343,PILOT SAN DIEGO 343,1497 Piper Ranch Road,SAN DIEGO,CA,32.56923,-116.95256
346,PILOT LUGOFF 346,522 Highway 601 South,LUGOFF,SC,34.19298,-80.686874
348,PILOT BENTLEYVILLE 348,205 Wilson Road,BENTLEYVILLE,PA,40.131344,-80.00119
350,PILOT MOUNTAIN HOME 350,1050 Highway 20,MOUNTAIN HOME,ID,43.14264,-115.66299
352,PILOT FORT MYERS 352,6050 Plaza Drive,FORT MYERS,FL,26.655935,-81.80248
353,PILOT 353,110 Triport Road,GEORGETOWN,KY,38.27618,-84.55428
354,PILOT SIMPSONVILLE 354,819 Buck Creek Road,SIMPSONVILLE,KY,38.209896,-85.34805
356,PILOT SHEPHERDSVILLE 356,2050 East Blue Lick Road,SHEPHERDSVILLE,KY,38.060528,-85.70313
358,PILOT PADUCAH 358,5353 Cairo Road,PADUCAH,KY,37.09794,-88.69121
360,PILOT FINDLAY 360,11471 State Route 613W,FINDLAY,OH,41.136612,-83.6608
365,PILOT MADERA 365,22717 Avenue 18 1/2,MADERA,CA,37.01947,-120.13317
366,PILOT JACKSON 366,30 Sand Pebble Road,JACKSON,TN,35.682816,-88.777145
367,PILOT CADDO MILLS 367,2226 Fm-1903,CADDO MILLS,TX,33.043774,-96.17745
368,PILOT DECATUR 368,4030 East Boyd Road,DECATUR,IL,39.907375,-88.89468
370,PILOT PITTSTON 370,417 Route 315,PITTSTON,PA,41.313988,-75.754616
372,PILOT CASTAIC 372,31642 Castaic Road,CASTAIC,CA,34.49451,-118.61935
373,PILOT DES MOINES 373,11957 Douglas Avenue,DES MOINES,IA,41.630222,-93.78083
374,PILOT MARIANNA 374,2209 Highway 71,MARIANNA,FL,30.725542,-85.187
375,PILOT HOUSTON 375,4440 North McCarty Street,HOUSTON,TX,29.799917,-95.26775
377,PILOT LAREDO 377,1101 Uniroyal Drive,LAREDO,TX,27.683695,-99.461494
380,PILOT LIVERPOOL 380,107 Seventh North Street,LIVERPOOL,NY,43.08672,-76.16575
381,PILOT HESPERIA 381,8701 Highway 395,HESPERIA,CA,34.40915,-117.39857
384,PILOT COLONIAL HEIGHTS  RICHMOND ARE 384,2126 Ruffin Mill Road,COLONIAL HEIGHTS,VA,37.311344,-77.39111
385,PILOT COLLINS 385,9890 SE Missouri 13,COLLINS,MO,37.874752,-93.6215
386,PILOT BROOKS 386,4220 Brooklake Road NE,SALEM,OR,45.04838,-122.975204
388,PILOT MERIDIAN 388,1555 Tommy Webb Drive,MERIDIAN,MS,32.34724,-88.727684
390,PILOT STANFIELD 390,2115 South Highway 395,STANFIELD,OR,45.76532,-119.205215
391,PILOT CENTRAL POINT 391,1600 East Pine Street,CENTRAL POINT,OR,42.37766,-122.89915
393,PILOT WAYNESVILLE 393,3712 Crabtree Road,WAYNESVILLE,NC,35.5727,-82.955864
394,PILOT NEWBURGH 394,239 Route 17K,NEWBURGH,NY,41.52077,-74.11347
396,PILOT STAUNTON 396,3541 Lee Jackson Highway,STAUNTON,VA,38.01995,-79.14283
399,PILOT LEBANON JUNCTION 399,150 Park Plaza Boulevard,LEBANON JUNCTION,KY,37.827435,-85.72445
402,PILOT CHEYENNE 402,8020 Campstool Road,CHEYENNE,WY,41.136166,-104.70724
404,PILOT MURFREESBORO 404,2441 South Church Street,MURFREESBORO,TN,35.807896,-86.39601
406,PILOT CORNERSVILLE 406,9211 Lewisburg Highway,CORNERSVILLE,TN,35.30493,-86.88448
407,PILOT CLEAR LAKE 407,2411 US Highway 18 East,CLEAR LAKE,IA,43.144653,-93.35877
408,PILOT GRANTSVILLE 408,3000 Chestnut Ridge Road,GRANTSVILLE,MD,39.691936,-79.10068
409,PILOT DICKSON 409,2320 Highway 46 South,DICKSON,TN,36.023037,-87.34168
411,PILOT LEBANON 411,921 Murfreesboro Rd,LEBANON,TN,36.178635,-86.29939
412,PILOT WHITE PINE 412,3624 Roy Messer Highway,WHITE PINE,TN,36.1094,-83.33366
415,PILOT RISING FAWN 415,319 Deer Head Cove Road,RISING FAWN,GA,34.7697,-85.54188
416,PILOT CORDELE 416,2201 East 16 Avenue,CORDELE,GA,31.960264,-83.74661
417,PILOT TEMPLE 417,625 Carrollton Street,TEMPLE,GA,33.719364,-85.02983
420,PILOT MADISON 420,1881 Eatonton Road,MADISON,GA,33.560276,-83.47926
421,PILOT 421,142 Carbondale Road,DALTON,GA,34.655613,-84.98104
422,PILOT NEWNAN 422,1645 South Highway 29,NEWNAN,GA,33.321114,-84.777824
424,PILOT 424,4032 West Highway 326,OCALA,FL,29.26583,-82.1889
425,PILOT MIDWAY 425,33333 Blue Star Highway,MIDWAY,FL,30.485111,-84.42072
428,PILOT WEST MONROE 428,300 Well Road,WEST MONROE,LA,32.50802,-92.19348
429,PILOT WEST MEMPHIS 429,1100 Martin Luther King Boulevard,WEST MEMPHIS,AR,35.15732,-90.13815
430,PILOT RUSSELLVILLE 430,215 SR 331 North,RUSSELLVILLE,AR,35.280415,-93.09238
431,PILOT ORANGE 431,2205 North Highway 62,ORANGE,TX,30.112465,-93.82177
432,PILOT ROBINSON 432,8055 South I-35,ROBINSON,TX,31.455849,-97.17195
433,PILOT DALLAS 433,8787 South Lancaster Road,DALLAS,TX,32.64203,-96.78088
434,PILOT 434,2400 Alliance Gateway Fwy.,FORT WORTH,TX,32.957733,-97.30678
435,PILOT ANTHONY 435,2015 Antonio Street,ANTHONY,TX,31.996672,-106.586754
436,PILOT AMARILLO 436,715 South Lakeside Drive,AMARILLO,TX,35.195618,-101.74111
437,PILOT WILLIAMSBURG 437,481 West Highway 92,WILLIAMSBURG,KY,36.721767,-84.168335
438,PILOT 438,2940 Scottsville Road,FRANKLIN,KY,36.717724,-86.52478
439,PILOT 439,12900 Fort Campbell Boulevard,OAK GROVE,KY,36.692482,-87.45104
440,PILOT PENDLETON 440,205 Pendleton Road,PENDLETON,KY,38.45437,-85.29779
441,PILOT PRICEVILLE 441,3240 Point Mallard Parkway,PRICEVILLE,AL,34.53804,-86.91046
442,PILOT HAYTI 442,1701 Highway 84 East,HAYTI,MO,36.227737,-89.7261
443,PILOT HIGGINSVILLE 443,6676 Highway 13,HIGGINSVILLE,MO,39.003147,-93.73362
444,PILOT BRAZIL 444,4376 N IN-59,BRAZIL,IN,39.451576,-87.124306
445,PILOT BURNS HARBOR 445,243 Melton Road,BURNS HARBOR,IN,41.6047,-87.11472
446,PILOT 446,15876 West Commerce Road,DALEVILLE,IN,40.11478,-85.57386
447,PILOT HAUBSTADT 447,1042 East Warrenton Road Box 109E,HAUBSTADT,IN,38.174778,-87.54857
448,PILOT HEBRON 448,18011 Colorado Street,HEBRON,IN,41.290344,-87.29429
449,PILOT BELMONT #449,66377 Belmont-Morristown Road,BELMONT,OH,40.05753,-81.05069
453,PILOT GAFFNEY 453,909 Hyatt Street,GAFFNEY,SC,35.078274,-81.70392
454,PILOT LONDON 454,1365 Sr 42 Ne,LONDON,OH,39.95875,-83.37018
455,PILOT MARENGO 455,488 State Route 61,MARENGO,OH,40.370323,-82.83078
457,PILOT BEAVER DAM 457,427 East Main Street,BEAVER DAM,OH,40.83387,-83.96527
458,PILOT ELOY 458,619 South Sunshine Boulevard,ELOY,AZ,32.738148,-111.549385
459,PILOT AVONDALE 459,900 North 99Th Avenue,AVONDALE,AZ,33.455494,-112.27283
460,PILOT OKLAHOMA CITY 460,400 South Morgan Road,OKLAHOMA CITY,OK,35.4625,-97.68799
467,PILOT 467,4105 S. Loop 1604,SAN ANTONIO,TX,29.220032,-98.415085
468,PILOT GILMAN 468,815 Hwy 24 West,GILMAN,IL,40.750732,-88.00208
469,PILOT CANTON  469,2320 Faircrest Street,CANTON,OH,40.74913,-81.40319
470,FJ -ROBERTS 470,1191 70th Avenue,ROBERTS,WI,44.96299,-92.56113
471,PILOT HAINES CITY #471,35647 US Hwy 27 North,HAINES CITY,FL,28.118174,-81.63842
472,PILOT BEASLEY 472,525 1St Street Po Box 87,BEASLEY,TX,29.494616,-95.911804
473,PILOT CHANNAHON 473,23841 West Eames Street,CHANNAHON,IL,41.45752,-88.19191
474,PILOT SUTTON 474,270 Scotts Fork-Bonnie Road,SUTTON,WV,38.704952,-80.66366
475,PILOT MORIARTY 475,305 W. Abrahames Road,MORIARTY,NM,35.01044,-106.04665
476,PILOT WOODHULL #476,900 Plaza Avenue,WOODHULL,IL,41.181183,-90.338844
477,FJ- ANNA 477,1700 US Hwy 75,ANNA,TX,33.344772,-96.58896
478,PILOT LEAVENWORTH 478,6921 South Sr 66,LEAVENWORTH,IN,38.23939,-86.362366
481,PILOT CLEVELAND 481,281 Pleasant Grove Road Sw,CLEVELAND,TN,35.15238,-84.953255
482,PILOT MOUNT VERNON 482,4610 Broadway,MOUNT VERNON,IL,38.313107,-88.9614
483,PILOT MORRIS 483,3801 N. Division Street,MORRIS,IL,41.395798,-88.42198
485,PILOT WINNEMUCCA 485,5625 W. Winnemucca Blvd.,WINNEMUCCA,NV,40.931335,-117.804886
486,PILOT TYLER 486,12881 Farm to Market Road 14 A,TYLER,TX,32.450417,-95.2838
488,FJ COTULLA 488,921 N. IH 35,COTULLA,TX,28.453087,-99.238365
489,PILOT GRAND FORKS 489,4401 32nd Avenue South,GRAND FORKS,ND,47.88797,-97.09338
490,PILOT CARLSBAD #490,3202 S. Canal Street,CARLSBAD,NM,32.38836,-104.21551
491,PILOT HARRISONBURG 491,3634 North Valley Pike,HARRISONBURG,VA,38.480045,-78.81899
492,PILOT CADDO VALLEY #492,170 Valley Street,CADDO VALLEY,AR,34.187145,-93.07026
493,FJ-ST GEORGE 493,113 Motel Drive,ST GEORGE,SC,33.19353,-80.60215
494,PILOT ROTTERDAM 494,1128 Duanesburg Road,ROTTERDAM,NY,42.781757,-74.02857
495,PILOT BROOKLYN 495,4126 Highway 21,BROOKLYN,IA,41.698444,-92.359024
497,PILOT LINCOLN 497,130 Honda Drive,LINCOLN,AL,33.593044,-86.15924
498,PILOT ATOKA 498,1954 S. Mississippi Avenue,ATOKA,OK,34.364914,-96.14071
500,PILOT JASPER 500,8067 W FL-6,JASPER,FL,30.516296,-83.05909
503,PILOT MORGANTOWN 503,2309 Smithtown Road,MORGANTOWN,WV,39.539055,-79.99389
504,PILOT KALMATH FALLS 504,3817 N Highway 97,KALMATH FALLS,OR,42.256706,-121.79834
505,Speedway 7Fleet #2958,108000 North Frontage Road,YUMA,AZ,32.67346,-114.44491
507,FJ-JARRELL 507,11710 North Interstate 35,JARRELL,TX,30.811296,-97.610855
509,FJ - EAGLES LANDING 509,653 West 1400 North,BEAVER,UT,38.29261,-112.6532
510,SCIPIO - FLYING J 510,810 North 800 West,SCIPIO,UT,39.255657,-112.116196
511,FLYING J MANDAN 511,3825 Business Loop I-94,MANDAN,ND,46.86077,-101.01006
513,FJ PRIMM #513,115 West Primm Blvd.,PRIMM,NV,35.609695,-115.39169
514,PILOT THORNTONS LINCOLN 514,2903 Woodlawn Road,LINCOLN,IL,40.15705,-89.41258
516,FJ - BREEZEWOOD 516,167 Post House Road,BREEZEWOOD,PA,39.99728,-78.23772
517,PILOT_J 517,30 Benvenue Road,Duncannon,PA,40.406128,-77.009186
518,FJ-MYERSTOWN 518,2210 Camp Swatara Road,MYERSTOWN (FRYSTOWN AREA),PA,40.463802,-76.340065
522,PILOT 522,482 Suedberg Road,PINE GROVE,PA,40.534008,-76.43187
549,FJ MOUNT AIRY 549,125 Plaza Lane,MOUNT AIRY,NC,36.48686,-80.74703
550,PILOT MINOT #550,3800 Highway 2 And 52 W,MINOT,ND,48.22387,-101.35021
551,FLYING J CISCO 551,16851 IH 20,CISCO,TX,32.37373,-99.00768
552,FJ LEBANON 552,3140 OH-350,LEBANON,OH,39.41188,-84.15006
553,FLYING J FORT STOCKTON 553,2571 N. Front Street,FORT STOCKTON,TX,30.905212,-102.88512
554,FLYING J GEORGE WEST 554,4066 US-59,GEORGE WEST,TX,28.336676,-98.02337
557,PILOT 557,3710 W. Carlsbad Hwy,HOBBS,NM,32.697803,-103.18376
559,PILOT 559,706 East I-20 Frontage Road,BIG SPRING,TX,32.266018,-101.476425
568,PILOT 568,14555 Ih35 South,VON ORMY,TX,29.279543,-98.66931
571,FJ CHARLESTON 571,2460 E. Highway 60,CHARLESTON,MO,36.922085,-89.314384
572,FJ WILLIAMS 572,3040 220Th Street,WILLIAMS,IA,42.470284,-93.57267
573,PILOT 573,2000 Farm to Market Rd 1488,HEMPSTEAD,TX,30.108168,-96.04814
575,PILOT #575,491 St. Mary's Road,ST MARYS,GA,30.761227,-81.64945
576,FJ- NORTHFIELD 576,8051 Bagley Avenue,NORTHFIELD,MN,44.470505,-93.29555
580,FLYING J ODESSA 580,5900 E. Interstate 20,ODESSA,TX,31.864866,-102.30187
581,PILOT INVER GROVE HEIGHT 581,11650 Courthouse Blvd.,INVER GROVE HEIGHT,MN,44.780834,-93.03329
583,PILOT FERNDALE 583,5670 Barrett Road,FERNDALE,WA,48.84921,-122.57207
584,FLYING J AURORA 584,12334 Ehlen Road Ne,AURORA,OR,45.234066,-122.809395
586,PILOT MOSS POINT 586,6705 Hwy 63,MOSS POINT,MS,30.438282,-88.5292
590,PILOT ALEXANDRIA 590,3181 Evergreen Lane,ALEXANDRIA,MN,45.860928,-95.423416
592,PILOT GRAND JUNCTION 592,2195 Hwy 6 and 50,GRAND JUNCTION,CO,39.11233,-108.64761
593,PILOT TUCSON 593,5570 E. Travel Plaza Way,TUCSON,AZ,32.125683,-110.87371
594,PILOT SIOUX CITY 594,2815 Singing Hills Blvd.,SIOUX CITY,IA,42.435905,-96.37345
595,PILOT MARION 595,2611 Vernell Road,MARION,IL,37.740334,-88.96421
596,PILOT KIMBALL TOWNSHIP 596,2424 Wadhams Road,SMITHS CREEK,MI,42.976044,-82.54332
597,PILOT CHILLICOTHE 597,1111 East Main,CHILLICOTHE,OH,39.338036,-82.95097
599,PILOT MURDO 599,601 East Fifth Street,MURDO,SD,43.885784,-100.70525
601,FJ-BESSEMER 601,6098 Macashan Dr,MCCALLA,AL,33.321632,-87.0465
602,FJ-BIRMINGHAM 602,224 Daniel Payne Drive,BIRMINGHAM,AL,33.562347,-86.83154
603,FJ-DOTHAN 603,2190 Ross Clark Circle,DOTHAN,AL,31.191843,-85.40012
604,FJ-TYSON 604,900 Tyson Road,HOPE HULL,AL,32.194557,-86.42035
605,FJ-RUSSELLVILLE 605,42 Bradley Cove Road,RUSSELLVILLE,AR,35.283504,-93.0893
606,FJ-TEXARKANA 606,8300 State Highway 108 Box 254B,TEXARKANA,AR,33.513523,-93.948524
607,FJ-WEST MEMPHIS 607,3400 Service Loop Road,WEST MEMPHIS,AR,35.153656,-90.14352
608,FJ-EHRENBERG 608,"14190 Flying ""J"" Rd. Box 801",EHRENBERG,AZ,33.602135,-114.523476
609,FJ-ELOY 609,16189 S Sunshine Blvd,ELOY,AZ,32.731762,-111.54977
610,FJ-KINGMAN 610,3300 E Andy Devine Ave,KINGMAN,AZ,35.22,-114.00694
611,FJ-PHOENIX 611,6700 West Latham Street,PHOENIX,AZ,33.460873,-112.2054
612,FJ 612,400 Transcon Lane,WINSLOW,AZ,35.01602,-110.67406
613,FJ BAKERSFIELD 613,17047 Zachary Ave,BAKERSFIELD,CA,35.531807,-119.187645
614,FJ-BARSTOW 614,2611 Fisher Blvd.,BARSTOW,CA,34.854122,-117.080696
616,FJ-FRAZIER PARK 616,42810 Frazier Mountain Park Rd,LEBEC,CA,34.816765,-118.88732
617,FJ-LODI 617,15100 North Thornton Rd,LODI,CA,38.117878,-121.39417
618,FJ-RIPON 618,1501 North Jack Tone Road,RIPON,CA,37.75612,-121.144325
619,FJ-AURORA 619,16751 East 32nd Ave,AURORA,CO,39.762703,-104.79379
620,FJ-SMITHTON 620,122 Fitzhenry Road,SMITHTON,PA,40.170517,-79.7319
621,FJ-LIMON 621,2495 Williams Ave,LIMON,CO,39.275402,-103.709785
622,FJ-FORT PIERCE 622,100 North Kings Hwy,FORT PIERCE,FL,27.449633,-80.39807
623,FJ-QUINCY 623,32670 Blue Star Hwy,MIDWAY,FL,30.493933,-84.42988
624,FJ-DADE CITY 624,29933 State Road 52,DADE CITY,FL,28.326345,-82.321754
625,FJ-SEFFNER 625,11555 East Sligh Ave.,SEFFNER,FL,28.010532,-82.3036
626,FJ-ST AUGUSTINE 626,950 State Road 206 West,ST AUGUSTINE,FL,29.749928,-81.3437
627,FJ-BRUNSWICK 627,2990 US Hwy 17 South,BRUNSWICK,GA,31.140854,-81.57825
628,FJ-CARNESVILLE 628,10226 Old Federal Road,CARNESVILLE,GA,34.34746,-83.32232
630,FJ-JACKSON 630,1125 Bucksnort Road,JACKSON,GA,33.208008,-84.064
631,FJ-LAKE PARK 631,7001 Lake Park Bellville Road,LAKE PARK,GA,30.641235,-83.19048
632,FJ-RESACA 632,288 Resaca Beach Blvd,RESACA,GA,34.576836,-84.946625
633,FJ-SILOAM 633,3600 Highway 77 South,UNION POINT,GA,33.547333,-83.07743
634,FJ-TEMPLE 634,650 Carrollton Street,TEMPLE,GA,33.719612,-85.02568
636,FJ-DAVENPORT 636,8200 N.W. Blvd.,DAVENPORT,IA,41.60271,-90.62575
637,FJ-WATERLOO 637,445 Evansdale Drive,WATERLOO,IA,42.46019,-92.25261
638,FJ-CALDWELL 638,3512 Franklin Road,CALDWELL,ID,43.661926,-116.65393
639,FJ-POST FALLS 639,3636 W. 5th Avenue,POST FALLS,ID,47.71146,-116.99755
640,FJ-JEROME 640,5350 Hwy 93,JEROME,ID,42.649586,-114.44242
641,FJ-MCCAMMON 641,587 E. US Hwy 30,MCCAMMON,ID,42.660267,-112.2062
642,FJ-ALORTON 642,140 Racehorse Dr.,ALORTON,IL,38.576153,-90.098045
643,FJ-EFFINGHAM 643,1701 W Evergreen Avenue,EFFINGHAM,IL,39.13344,-88.5663
644,FJ-LASALLE 644,343 Civic Road,LASALLE,IL,41.36878,-89.099174
645,FJ 645,1310 East Chain Of Rocks Road,PONTOON BEACH,IL,38.760185,-90.064545
646,FJ-SOUTH BELOIT 646,16049 Willowbrook Road,SOUTH BELOIT,IL,42.49416,-88.99884
647,FJ-EVANSVILLE 647,844 East 1250 South,HAUBSTADT,IN,38.17495,-87.55261
649,FJ-INDIANAPOLIS 649,1720 W Thompson Rd,INDIANAPOLIS,IN,39.692528,-86.19143
650,FJ-LAKE STATION 650,1401 Ripley Street,LAKE STATION,IN,41.58643,-87.23817
652,FJ-LEBANON 652,520 South State Road 39,LEBANON,IN,40.032307,-86.47354
653,FJ-LOWELL 653,3231 East 181st Avenue,LOWELL,IN,41.287724,-87.29466
655,FJ-SPICELAND 655,5300 South State Rte. 3,SPICELAND,IN,39.851227,-85.41246
656,FJ-WHITELAND 656,82 White Street,WHITELAND,IN,39.549088,-86.03647
657,FLYING J 657,2524 E Wyatt Earp Blvd,DODGE CITY,KS,37.752396,-99.98067
658,FJ-EMPORIA 658,4215 West Hwy 50,EMPORIA,KS,38.41144,-96.23775
659,FJ-SALINA 659,2250 North Ohio Street,SALINA,KS,38.87863,-97.5928
660,FJ-CATLETTSBURG 660,15236 State Route 180,CATLETTSBURG,KY,38.364822,-82.6966
661,FJ-FRANKLIN 661,4380 Nashville Road,FRANKLIN,KY,36.66197,-86.55356
662,FJ-OAK GROVE 662,18750 Herndon Oak Grove Rd.,OAK GROVE,KY,36.6972,-87.45542
663,FJ WADDY 663,1670 Waddy Road,WADDY,KY,38.15666,-85.067276
664,FJ-WALTON 664,13019 Walton Verona Rd,WALTON,KY,38.85729,-84.62568
665,FJ-GREENWOOD 665,9510 Greenwood Road,GREENWOOD,LA,32.444405,-93.978874
666,FJ-BENTON HARBOR 666,1860 East Napier Ave.,BENTON HARBOR,MI,42.089737,-86.41243
667,FJ-LANSING 667,7800 West Grand River Ave.,LANSING,MI,42.787483,-84.67827
668,FJ-SAGINAW 668,3475 E Washington,SAGINAW,MI,43.4517,-83.89478
669,FJ-JOPLIN 669,11570 Hwy Ff,JOPLIN,MO,37.055443,-94.42997
671,FJ-MATTHEWS 671,703 State Hwy 80,MATTHEWS,MO,36.76022,-89.54174
672,FJ-PECULIAR 672,700 J Hwy,PECULIAR,MO,38.72331,-94.45155
673,FJ-SULLIVAN 673,825 North Loop Road,SULLIVAN,MO,38.225933,-91.15863
674,FJ-WARRENTON 674,1 Campbranch Rd,WARRENTON,MO,38.840343,-91.22811
675,FJ-WAYLAND 675,102 Fore Drive,WAYLAND,MO,40.395805,-91.57
676,FJ-GULFPORT 676,9351 Canal Road,GULFPORT,MS,30.420776,-89.13769
677,FJ-OLIVE BRANCH 677,4740 Bethel Road,OLIVE BRANCH,MS,34.92874,-89.79309
678,FJ-PEARL 678,685 Highway 80 East,PEARL,MS,32.278393,-90.16108
682,FJ-GRAHAM 682,1043 Jimmie Kerr Rd,HAW RIVER,NC,36.072178,-79.352486
683,FJ-KENLY 683,1800  Princeton-Kenly Road,KENLY,NC,35.574097,-78.14597
684,FJ-BEACH 684,I-94 ND-16,BEACH,ND,46.92926,-104.00894
685,FJ-FARGO 685,3150 39th St SW Suite A,FARGO,ND,46.833557,-96.84406
686,FJ-GRETNA 686,15010 South State Hwy 31,GRETNA,NE,41.09113,-96.25452
687,FJ-NORTH PLATTE 687,3400 So. Newberry Rd.,NORTH PLATTE,NE,41.10085,-100.72662
688,FJ-CARNEYS POINT 688,326 Slapes Corner,CARNEYS POINT,NJ,39.684635,-75.4857
689,FJ 689,9911 Avalon Road Nw,ALBUQUERQUE,NM,35.079037,-106.74646
690,FJ-LORDSBURG 690,11 Old Hwy 70,LORDSBURG,NM,32.341145,-108.676735
691,FJ-TUCUMCARI 691,2021 S. Mountain Rd,TUCUMCARI,NM,35.158783,-103.70431
692,FJ-WELLS 692,156 Hwy 93 South,WELLS,NV,41.09823,-114.957504
693,FJ-PEMBROKE 693,8484 Allegheny Road,BUFFALO,NY,43.000805,-78.40692
694,FJ-AUSTINBURG 694,2349 Center Road,AUSTINBURG,OH,41.790073,-80.85585
695,FJ-BEAVER DAM 695,420 East Main Street,BEAVER DAM,OH,40.832336,-83.967316
696,FJ-BERKSHIRE 696,7735 East State Rt 37,BERKSHIRE,OH,40.267384,-82.92403
697,FJ-HUBBARD 697,2226 North Main Street,HUBBARD,OH,41.182564,-80.5705
698,FJ-JEFFERSONVILLE 698,9935 Sr 41,JEFFERSONVILLE,OH,39.646084,-83.53772
699,FJ-MILLERSPORT 699,10480 Baltimore,MILLERSPORT,OH,39.942383,-82.59922
700,FJ-PERRYSBURG 700,26415 Warns Road,PERRYSBURG,OH,41.535126,-83.46004
701,FJ-ARDMORE 701,2450 Cooper Drive,ARDMORE,OK,34.200405,-97.167694
702,FJ-CHECOTAH 702,1255 Gentry,CHECOTAH,OK,35.475956,-95.53916
703,FJ 703,701 South Morgan Road,OKLAHOMA CITY,OK,35.458313,-97.69012
704,FJ 704,4801 NE 122nd St.,EDMOND,OK,35.596134,-97.43662
705,FJ-SAYRE 705,2400 So 4th Route,SAYRE,OK,35.26593,-99.64087
706,FJ-TULSA 706,121 North 129 E Ave,TULSA,OK,36.162636,-95.83236
707,FJ-BROOKVILLE 707,246 Allegheny Blvd,BROOKVILLE,PA,41.17257,-79.09543
708,FJ-CARLISLE 708,1501 Harrisburg Pike,CARLISLE,PA,40.23519,-77.12207
709,FJ-LAMAR 709,5609 Nittany Valley Drive,MILL HALL,PA,41.027927,-77.523125
710,FJ-NEW MILFORD 710,1623 Oliver Road,NEW MILFORD,PA,41.824802,-75.68286
711,FJ-BLACKSBURG 711,1011 North Mountain St,BLACKSBURG,SC,35.142826,-81.50916
712,FJ-COLUMBIA 712,5901 Fairfield Road,COLUMBIA,SC,34.065037,-81.02427
713,FJ-LATTA 713,111 Mill Branch Road,LATTA,SC,34.339725,-79.532875
714,FJ-ROCK HILL 714,2435 Mount Holly Road,ROCK HILL,SC,34.856014,-81.00573
716,FJ-SIOUX FALLS 716,5201 Granite Lane,SIOUX FALLS,SD,43.603622,-96.7673
720,FJ-FAIRVIEW 720,1420 Hwy 96 North,FAIRVIEW,TN,36.026394,-87.17167
722,FJ-KNOXVILLE 722,800 Watt Road,KNOXVILLE,TN,35.88177,-84.236046
723,FJ-AMARILLO 723,9601 I-40 E Exit 76,AMARILLO,TX,35.194244,-101.72382
724,FJ-ANTHONY 724,3001 Mountain Pass Blvd,ANTHONY,TX,31.996876,-106.57898
725,FJ-BAYTOWN 725,1876 East Freeway,BAYTOWN,TX,29.794931,-95.03293
726,FJ-DALLAS 726,7425 Bonnie View Road,DALLAS,TX,32.65708,-96.75145
727,FJ-EDINBURG 727,1305 East Monte Cristo Road,EDINBURG,TX,26.336077,-98.14299
728,FJ 728,1301 Horizon Blvd,EL PASO,TX,31.661839,-106.239075
729,FJ-HOUSTON 729,15919 North Freeway,HOUSTON,TX,29.998865,-95.427795
730,FJ-LAREDO 730,1011 Beltway Parkway,LAREDO,TX,27.685894,-99.4656
733,FJ-LUBBOCK 733,602 4th Street,LUBBOCK,TX,33.593086,-101.84162
734,FJ-NEW CANEY 734,23412 Hwy 242,NEW CANEY,TX,30.193039,-95.193115
735,FJ-ORANGE 735,7112 I-10 West,ORANGE,TX,30.11701,-93.81999
736,FJ-PECOS 736,100 E Pinehurst,PECOS,TX,31.401154,-103.48588
737,FJ-SAN ANTONIO 737,1815 N FOSTER RD,SAN ANTONIO,TX,29.446903,-98.36097
738,FJ-TYE 738,I-20 Exit 277 101 N FM 707,TYE,TX,32.461697,-99.87253
739,FJ-WACO 739,2409 So New Road,WACO,TX,31.508005,-97.14569
740,FJ-WEST HOUSTON 740,204 South Waller Ave,BROOKSHIRE,TX,29.7806,-95.95204
741,FJ-WICHITA FALLS 741,2311 Jacksboro Highway,WICHITA FALLS,TX,33.890923,-98.483
742,FJ-LAKE POINT 742,1605 East Saddleback Blvd.,LAKE POINT,UT,40.685764,-112.26611
743,FJ-NEPHI 743,1597 South Main Street,NEPHI,UT,39.685703,-111.83669
744,FJ-OGDEN 744,1172 West 21St Street,OGDEN,UT,41.23103,-112.008415
746,FJ-SALT LAKE CITY 746,2025 S 900 W,SALT LAKE CITY,UT,40.7267,-111.9155
747,FJ-SPRINGVILLE 747,1460 N 1750 W,SPRINGVILLE,UT,40.187492,-111.64095
748,FJ-WILLARD 748,600 West 750 North,WILLARD,UT,41.423985,-112.051636
749,FJ-CARMEL CHURCH 749,24279 Rogers Clark Blvd.,RUTHER GLEN,VA,37.932934,-77.47301
750,FJ-MAX MEADOWS 750,139 Factory Outlet Drive,FORT CHISWELL,VA,36.94455,-80.9457
752,FJ-CLEAR BROOK 752,1530 Rest Church Rd,CLEAR BROOK,VA,39.290527,-78.08761
754,FJ-WYTHEVILLE 754,3249 Chapman Road,WYTHEVILLE,VA,36.935917,-80.99212
756,FJ-BLACK RIVER FALLS 756,780 State Hwy 54,BLACK RIVER FALLS,WI,44.295483,-90.829414
758,FJ-CASPER 758,41 SE Wyoming Blvd.,CASPER,WY,42.85214,-106.26985
759,FJ-CHEYENNE 759,2250 Etchepare Drive,CHEYENNE,WY,41.098164,-104.853676
760,FJ-COKEVILLE 760,10501 US Hwy 30,COKEVILLE,WY,42.087326,-110.94792
761,FJ-EVANSTON 761,1920 Harrison Drive,EVANSTON,WY,41.26467,-110.97833
762,FJ-GILLETTE 762,1810 South Douglas Hwy.,GILLETTE,WY,44.277107,-105.49526
763,FJ-RAWLINS 763,I-80 Johnson Road,RAWLINS,WY,41.777687,-107.31117
764,FJ-ROCK SPRINGS 764,650 Stage Coach Dr.,ROCK SPRINGS,WY,41.60954,-109.23125
765,FJ-THOUSAND PALMS 765,72235 Varner Rd,THOUSAND PALMS,CA,33.81822,-116.4036
768,FJ-KANSAS CITY 768,1300 N. Corrington Avenue,KANSAS CITY,MO,39.13065,-94.49732
770,FJ-WINNEMUCCA 770,1880 W.  Winnemucca Blvd,WINNEMUCCA,NV,40.96061,-117.7477
772,FJ-NORTH SALT LAKE 772,885 North Point Circle,NORTH SALT LAKE CITY,UT,40.836487,-111.9341
773,FJ-RICHFIELD 773,35 East Flying J Drive,RICHFIELD,UT,38.788765,-112.081764
774,FJ-SNOWVILLE 774,90 South Stone Road,SNOWVILLE,UT,41.963856,-112.7096
775,PILOT ST GEORGE 775,2841 South 60 East,ST GEORGE,UT,37.06067,-113.58216
777,FJ-BOISE FS 777,3353 Federal Way,BOISE,ID,43.571648,-116.189476
784,FJ-NORTH EAST 784,1 Center Drive,NORTH EAST,MD,39.625393,-75.94919
873,PILOT MIAMI #873,12200 NW South River Drive,MIAMI,FL,25.884676,-80.36567
874,PILOT - MIAMI #874,17696 SW 8th Street,MIAMI,FL,25.760164,-80.480705
875,FJ ELKTON 875,221 Belle Hill Road,ELKTON,MD,39.638287,-75.80757
876,FJ RUTHER GLEN 876,23866 Rogers Clark Blvd.,RUTHER GLEN,VA,37.94014,-77.46809
879,PILOT SACRAMENTO 879,2828 El Centro Road,SACRAMENTO,CA,38.61705,-121.53838
880,PILOT PORT JERVIS 880,15 Route 23,PORT JERVIS,NJ,41.34938,-74.687164
882,PILOT NORTH STONINGTON 882,273 Clarks Falls Road,NORTH STONINGTON,CT,41.442425,-71.80003
883,PILOT CANTON #883,9800 I-20 Frontage Road,CANTON,TX,32.543106,-95.75558
887,PILOT SNYDER 887,1100 E. Hwy 180,SNYDER,TX,32.704666,-100.8658
888,PILOT TULIA 888,2901 W. Highway 86,TULIA,TX,34.52893,-101.79771
889,FLYING J MT VERNON #889,101 South 45th Street,MT VERNON,IL,38.311016,-88.95716
890,PILOT KUTTAWA #890,2299 US Hwy 62W,KUTTAWA,KY,37.071888,-88.12336
891,PILOT LEDGEWOOD 891,1470 Route 46 East,LEDGEWOOD,NJ,40.892136,-74.68578
892,PILOT GREEN RIVER 892,1085 East Main Street,GREEN RIVER,UT,38.995598,-110.14852
893,PILOT AVOCA 893,7005 North Chestnut Street,AVOCA,IA,41.50003,-95.33422
894,PILOT EAGLE PASS 894,3002 US 57,EAGLE PASS,TX,28.709904,-100.464066
895,FJ WOODHAVEN 895,21055 West Road,WOODHAVEN,MI,42.136772,-83.24012
896,PILOT BOW 896,728 SR 3A,BOW,NH,43.12169,-71.48074
897,PILOT MIAMI GARDENS 897,16650 NW 27th Avenue,MIAMI GARDENS,FL,25.925213,-80.245674
898,PILOT EMPORIA 898,918 West Atlantic,EMPORIA,VA,36.704823,-77.55243
899,PILOT BRACY 899 SADLERS TRUCK STOP,1011 E. Atlantic Street,SOUTH HILL BRACY,VA,36.711178,-78.10839
900,PILOT - DUNN #900,65 Sadler Road,DUNN,NC,35.318447,-78.575836
902,PILOT BOSSELMAN GRAND ISLAND 902,3335 West Wood River Road,GRAND ISLAND,NE,40.830612,-98.38061
903,PILOT SALINA 903,1944 N. 9Th Street,SALINA,KS,38.874226,-97.610085
904,FJ BIG SPRINGS 904,109 Circle Road,BIG SPRINGS,NE,41.052177,-102.07057
905,PILOT TOWN PUMP MILLTOWN,7985 Highway 200,MILLTOWN,MT,46.87426,-113.887024
906,PILOT TOWN PUMP COLUMBUS,602 8Th Avenue North,COLUMBUS,MT,45.644928,-109.247345
907,PILOT TOWN PUMP MILES CITY,1210 South Haynes,MILES CITY,MT,46.39689,-105.8218
908,PILOT TOWN PUMP ROCKER,1000 Grizzly Trail,ROCKER,MT,46.00501,-112.61161
909,PILOT TOWN PUMP SHELBY,1350 Roosevelt Hwy.,SHELBY,MT,48.513042,-111.872635
910,PILOT TOWN PUMP THREE FORKS,10800 Highway 287,THREE FORKS,MT,45.916725,-111.59932
911,PILOT TOWN PUMP SUPERIOR,27 Diamond Road,SUPERIOR,MT,47.18955,-114.88601
912,PILOT WOOD RIVER 912,11775 NE-11,WOOD RIVER,NE,40.76027,-98.586494
913,FJ ALTOONA 913,3231 Adventureland Drive,ALTOONA,IA,41.66001,-93.500275
914,PILOT TOWN PUMP MISSOULA #914,8745 Hwy 93 N Suite B,MISSOULA,MT,46.955017,-114.13284
915,PILOT_J 915,2711 N. Frontage Road,Billings,MT,45.81617,-108.41677
916,PILOT TOWN PUMP LOLO,11882 Highway 93 S,LOLO,MT,46.757427,-114.081474
917,PILOT_J 917,3100 Tri-Hill Frontage Road,Great Falls,MT,47.469852,-111.36081
918,FJ-RAPID CITY,2783 Deadwood Avenue,RAPID CITY,SD,44.112534,-103.272896
920,PILOT COLBY 920,1100 East Willow Street,COLBY,KS,39.364178,-101.03248
922,PILOT TOWN PUMP COLUMBIA FALLS,6102 Highway 2 West,COLUMBIA FALLS,MT,48.369957,-114.239716
923,PILOT_J 923,2775 Old Hardin Road,Billings,MT,45.812996,-108.415115
924,FJ- TOWN PUMP BUTTE 924,122000 E. Browns Gulch Road,BUTTE,MT,46.008442,-112.60893
925,Pilot/J 925,3715 31st Street SW,Great Falls,MT,47.470226,-111.358536
931,PILOT_J 931,4200 N I-90 Service Rd Exit 61,Rapid City,SD,44.103462,-103.1504
934,FLYING J #934,63276 Oregon 203,LA GRANDE,OR,45.296978,-118.043594
963,FJ 963,3709 S Geiger Blvd,SPOKANE,WA,47.620846,-117.50667
965,Pilot/J 965,2300 Canyon Rd,Ellensburg,WA,46.97102,-120.5378
966,FJ FRANCHISE - BATTLE MOUNTAIN,650 W Front Street,BATTLE MOUNTAIN,NV,40.649624,-116.94544
967,FJ 967,6606 E. Broadway Avenue,SPOKANE,WA,47.663395,-117.31551
968,Pilot/J 968,6505 Jack Rabit Lane,Belgrade,MT,45.765293,-111.18671
970,FJ FRANCHISE - PASCO,2216 E Hillsboro Road,PASCO,WA,46.262493,-119.0825
1001,PILOT BIG LAKE 1001,1310 E. US-67,BIG LAKE,TX,31.190475,-101.44925
1003,PILOT CHILDRESS 1003,2301 Avenue F NW,CHILDRESS,TX,34.435818,-100.23226
1004,PILOT TONKAWA 1004,16600 West South Avenue,TONKAWA,OK,36.695354,-97.34585
1005,FLYING J FERNLEY 1005,480 Truck Inn Way,FERNLEY,NV,39.61509,-119.21593
1006,PILOT JUNCTION 1006,2342 North Main Street,JUNCTION,TX,30.504505,-99.77822
1009,FLYING J #1009,11053 Riverside Drive,JURUPA VALLEY,CA,34.014717,-117.527145
1012,PILOT MT PLEASANT 1012,1300 N. Grand Avenue,MT PLEASANT,IA,40.98142,-91.54022
1013,Pilot TC #1013,561 Business Hub Road,Belgrade,MT,45.773853,-111.199
1014,FLYING J DBA TOWN PUMP 1014,73 Highway 16,GLENDIVE,MT,47.116615,-104.736565
1015,PILOT TOWN PUMP SIDNEY,3150 S. Central Avenue Suite A,SIDNEY,MT,47.685642,-104.17649
1017,FJ #1017,345 Roth Road,LATHROP,CA,37.855675,-121.275604
1019,PILOT #1019,4444 Commerce Lane,ORLAND,CA,39.75013,-122.20793
1021,PILOT HOLLAND 1021,853 Interchange Drive,HOLLAND,MI,42.74034,-86.071106
1023,PILOT LUFKIN 1023,1920 East Denman Avenue,LUFKIN,TX,31.317123,-94.69916
1024,PILOT JOLIET 1024,40 East Laraway Road,JOLIET,IL,41.480377,-88.07911
1025,FJ-CHANNELVIEW 1025,102 South Sheldon Road,CHANNELVIEW,TX,29.7716,-95.12478
1027,PILOT VEGA 1027,6555 US Hwy 385,VEGA,TX,35.23609,-102.42856
1028,PILOT BUFFALO 1028,2605 West Commerce Street,BUFFALO,TX,31.448324,-96.078835
1030,PILOT ALSIP 1030,12680 S. Kedzie,ALSIP,IL,41.66364,-87.70111
1033,PILOT 1033,3302 Garden City Highway,MIDLAND,TX,31.980963,-102.03338
1041,PILOT 1041,170 W. North Avenue,CAROL STREAM,IL,41.903603,-88.12255
1042,PILOT #1042,7501 South Harlem Ave,BRIDGEVIEW,IL,41.75412,-87.79906
1043,FJ IDAHO FALLS 1043,6485 West Overland Drive,IDAHO FALLS,ID,43.439934,-112.11573
1046,PILOT #1046,210 US Highway 27 North,SOUTH BAY,FL,26.666227,-80.71632
1047,PILOT 1047,4075 Jones Branch Road,JACKSONVILLE,FL,30.371513,-81.764114
1049,PFJ SOUTHEAST 1049,2400 Holland Road,SUFFOLK,VA,36.716503,-76.67052
1051,PILOT IOWA 1051,1119 Lowe-Grout Road,IOWA,LA,30.2537,-93.01473
1054,PILOT MUSTANG RIDGE 1054,10700 U.S. Hwy 183 N.,MUSTANG RIDGE,TX,30.034246,-97.68702
1056,FJ 1056,14896 State Route 49,EDON,OH,41.633423,-84.76566
1057,FLYING J #1057,1305 Pasadena Freeway,PASADENA,TX,29.714342,-95.19603
1058,PILOT WALDO 1058,17276 NE Hwy. 301,WALDO,FL,29.814268,-82.16913
1059,PILOT SCHULENBERG 1059,709 US Hwy 77 N,SCHULENBERG,TX,29.694887,-96.90239
1061,FJ 1061,4939 West Chestnut Expressway,SPRINGFIELD,MO,37.21302,-93.38118
1063,PILOT MARION 1063,3365 Sugar Hill Road,MARION,NC,35.642776,-82.03987
1068,FJ 1068,799 Jedburg Road,JEDBURG,SC,33.082893,-80.206314
1070,PILOT 1070,2464 Historic Route 66,SANTA ROSA,NM,34.94675,-104.65119
1071,FLYING J #1071,979 East Paige Ave,TULARE,CA,36.180435,-119.333015
1080,FLYING J #1080,2275 Sperry Avenue,PATTERSON,CA,37.465164,-121.16504
1082,PILOT 1082,5714 North Rhett Avenue,NORTH CHARLESTON,SC,32.90397,-79.98522
1083,PILOT 1083,100 South Poplar,STRATFORD,TX,36.33149,-102.07295
1086,FJ 1086,6255 State Rte. 18 East,MARION,IN,40.553673,-85.55531
1092,PILOT 1092,8950 Earhart Lane SW,CEDAR RAPIDS,IA,41.891212,-91.66633
1094,FLYING J #1094,1668 E. Tehachapi Blvd,TEHACHAPI,CA,35.127563,-118.41484
1096,FJ 1096,1101 Friday Road,COCOA,FL,28.37602,-80.80214
1098,PILOT EXPRESS #1098,400 Doremus Avenue,NEWARK,NJ,40.71976,-74.126274
1103,PILOT #1103,2430 State Route 530 NE,ARLINGTON,WA,48.18772,-122.1971
1105,PILOT 1105,7349 LA-29,BUNKIE,LA,30.781992,-92.18745
1106,PILOT #1106,9220 Broadway Blvd. SE,ALBUQUERQUE,NM,34.961414,-106.66029
1110,PILOT #1110,15455 Terrazzo Drive,MONUMENT,CO,39.056355,-104.85472
1114,PILOT 1114,1050 Busse Road,BENSENVILLE,IL,41.988007,-87.96026
1117,FLYING J #1117,389 Rochester Crossing,ROCHESTER,IN,41.04724,-86.21855
1118,PILOT #1118,4100 Mabry Drive,CLOVIS,NM,34.39476,-103.15132
1126,PILOT #1126,8801 NE Birmingham Road,KANSAS CITY,MO,39.156414,-94.47631
1128,PILOT 1128,7990 State Route 60,BARTOW,FL,27.917896,-81.719
1132,PILOT #1132,234 Ben Hulse Hwy,BRAWLEY,CA,32.97862,-115.50929
1134,PILOT 1134,3752 US Hwy. 285 North,ORLA,TX,31.825617,-103.909256
1135,PILOT #1135,1419 US-281,FALFURRIAS,TX,27.21182,-98.14144
1140,PILOT #1140,8221 US-287,RHOME,TX,33.10182,-97.46984
1143,PILOT #1143,4200 TX-302,ODESSA,TX,31.876274,-102.42236
1145,PILOT #1145,11501 State Highway 191,MIDLAND,TX,31.967602,-102.252335
1146,PILOT 1146,2500 South Bickley Ave,PECOS,TX,31.400866,-103.52096
1147,PILOT 1147,127 W State Hwy 302,KERMIT,TX,31.84278,-103.104805
1161,PILOT 1161,3145 Meteor Crater Rd.,ODESSA,TX,31.784739,-102.47679
1163,PILOT #1163,6406 Emlenton Clintonville Rd,EMLENTON,PA,41.175606,-79.74006
1165,PILOT 1165,410 E Kansas Ave,JAL,NM,32.120335,-103.187874
1169,FJ-TUMWATER 1169,2725 93rd Ave SW,TUMWATER,WA,46.951416,-122.940834
1171,FLYING J #1171,1057 S. Lower Flat Top Drive,MESQUITE,NV,36.78417,-114.14002
1173,PILOT EXPRESS 1173,1440 Puyallup Ave,TACOMA,WA,47.241806,-122.41269
1174,PILOT #1174,104 West Trefz Drive,MARSHALL,IL,39.41904,-87.69532
1175,PILOT 1175,14905 Cordes Lake Road,MAYER,AZ,34.32683,-112.11842
1177,FJ-FONTANA 1177,14320 Slover Ave.,FONTANA,CA,34.064476,-117.49289
1178,PILOT EXPRESS 1178,9255 S Rita Road,TUCSON,AZ,32.084286,-110.80363
1179,PILOT 1179,330 N Mariposa Road,NOGALES,AZ,31.338692,-110.9671
1180,PILOT #1180,41112 West Indian School Road,TONAPAH,AZ,33.49434,-112.93724
1181,PILOT 1181,1201 East IL Route 38,ROCHELLE,IL,41.9359,-89.0175
1185,PILOT DEALER #1185,4031 Fleet St #818,LITTLEFIELD,AZ,36.8972,-113.909615
1192,PILOT LICENSEE #1192,31120 N. US Hwy 60,WITTMANN,AZ,33.765446,-112.514114
1193,PILOT LICENSEE #1193,18183 S. Hwy 93,WIKIEUP,AZ,34.699417,-113.61028
1194,PILOT LICENSEE #1194,3444 S. 40th St.,PHOENIX,AZ,33.414684,-111.99561
1195,PILOT #1195,1307 North Dolarway Rd.,ELLENSBURG,WA,47.00547,-120.58656
1205,PILOT 1205,4840 E. I-20,MONAHANS,TX,31.61505,-102.811195
1206,FLYING J #1206,700 E. Hwy 302,KERMIT,TX,31.853157,-103.06835
1207,PILOT 1207,101 South Loop 464 Rd,MONAHANS,TX,31.587477,-102.91719
1208,Pilot TC #1208,3075 Gila Ridge Rd,Yuma,AZ,32.68622976080403,-114.579216955821
1209,PILOT 1209,2810 Rankin Highway 349,MIDLAND,TX,31.968441,-102.07313
1211,PILOT 1211,1103 South Main Street,ANDREWS,TX,32.307064,-102.54217
1212,PILOT 1212,48286 Vicksburg Road,SALOME,AZ,33.633766,-113.767784
1219,PILOT #1219,10 Interstate Drive,VANDALIA,IL,38.970867,-89.13587
1225,PILOT #1225,9810 Perrin Road,MASCOUTAH,IL,38.555885,-89.80608
1227,PILOT 1227,164 FM 1927,PYOTE,TX,31.527046,-103.11861
1234,PILOT DEALER #1234,12683 White Hills Rd,WHITE HILLS,AZ,35.70013,-114.47618
1235,PILOT DEALER #1235,9250 S Avenue 40E,TACNA,AZ,32.69118,-113.953575
1243,PILOT #1243,3006 S Butterfield Trail,GILA BEND,AZ,32.93028,-112.673386
1247,FLYING J #1247,1888 US 82,NEW BOSTON,TX,33.46994,-94.45251
1260,PILOT 1260,20404 Taft Hwy,BAKERSFIELD,CA,35.267303,-119.22992
1267,PILOT #1267 PALMDALE CA,5231 Pearblossom Hwy,PALMDALE,CA,34.54411,-118.03589
1269,PILOT 1269,2500 W Business I-10,SAN SIMON,AZ,32.270668,-109.244064
1272,PILOT 1272,35858 Ghost Town Road,YERMO,CA,34.904053,-116.887215
1281,PILOT #1281,101 West Glen Drive,PAGE,AZ,36.9952,-111.5642
1283,Pilot TC #1283,4750 South Interstate Hwy 45 West,Corsicana,TX,32.0406733907914,-96.44821392698616
1284,PILOT 1284,1955 N Kings Hwy,NASH,TX,33.453,-94.1326
1287,PILOT 1287,133 FM 314,VAN,TX,32.52486,-95.637184
1288,PILOT DEALER 1288,675 Western Kentucky Pkwy,BEAVER DAM,KY,37.37622,-86.827484
1289,PILOT 1289 DENISON TX,4300 N State Hwy 91,DENISON,TX,33.79348,-96.55441
1290,PILOT RED OAK 1290,200 S I35 Service Rd,RED OAK,TX,32.51627,-96.820984
1292,PILOT #1292,2537 E. SH21,PAIGE,TX,30.213545,-97.13964
1294,PILOT #1294,2816 N 6th Street,VINCENNES,IN,38.694344,-87.49836
1297,PILOT #1297,101 LR Campbell Road,ITALY,TX,32.197495,-96.89979
1299,PILOT 1299,101 US 287,HENRIETTA,TX,33.8007,-98.1961
1303,PILOT #1303,2320 W Oak Street,PALESTINE,TX,31.743,-95.6556
1315,PILOT #1315,2601 US 130 South,CINNAMINSON,NJ,40.007256,-74.97502
1317,PILOT #1317,164 Riverside Drive,FULTONVILLE,NY,42.94676,-74.35618
1319,PILOT 1319 BURLESON TX,3313 S Burleson Blvd,BURLESON,TX,32.46347,-97.26305
1323,PILOT 1323 TRAVEL CENTERS,1307 SE Grand DD Highway,FAUCETT,MO,39.600838,-94.79116
1326,PILOT 1326,2300 E Steel Rd Unit E,COLTON,CA,34.062366,-117.28876
1327,Pilot TC #1327,357 Burnett Rd,Chicopee,MA,42.16531737536701,-72.54512145582102
1328,PILOT #1328,2325 Sierra Lakes Parkway Suite 102,RIALTO,CA,34.13785,-117.42786
1336,Pilot TC #1336,802 Ave G,Kentwood,LA,30.93636793945224,-90.52271143068636
1346,PILOT TRAVEL CENTER #1346,200 Manchester Ave,NEWTON,KS,38.04475,-97.3186
1347,PILOT #1347,65583 Pump Slough Rd,PEARL RIVER,LA,30.379656,-89.737885
1354,PILOT 1354,6051 S Hwy 385,ODESSA,TX,31.764534,-102.36573
1360,PILOT 1360,297 Treeland Drive,MAYFIELD,KY,36.7659,-88.64003
1370,Pilot TC #1370,14070 FM 1472,Laredo,TX,27.62064844384412,-99.52451798280624
1372,FJ 1372,10835 South Double R Drive,YUCCA,AZ,34.91453,-114.15538
1380,PILOT 1380,8001 E Expressway 83,MERCEDES,TX,26.160269,-97.876915
1381,Pilot TC #1381,1656 S Market St,Hearne,TX,30.86298419207956,-96.5822068809585
1382,Pilot TC #1382,7044 CO Rd 49,Hudson,CO,40.10415472761566,-104.6016863693136
1383,PILOT #1383 JONESBORO,5750 Commerce Square,JONESBORO,AR,35.80575,-90.62522
1384,PILOT 1384 MECCA CA,90480 66th Ave,MECCA,CA,33.57082,-116.09036
1385,PILOT #1385 BLOOMINGTON,10951 Cedar Ave,BLOOMINGTON,CA,34.0553,-117.3951
1390,Pilot TC #1390,130 Interstate Exchange Way,Ellabell,GA,32.18239228800081,-81.45681748280626
1399,PILOT_J 1399,15112 West Camelback Road,Litchfield Park,AZ,33.508617,-112.384026
1412,PILOT 1412,16470 W Russell Rd,WADSWORTH,IL,42.48788,-87.95104
1433,Pilot TC #1433,17405 S 40th St,Phoenix,AZ,33.28892613095839,-111.9965409846574
1436,Pilot TC #1436,3680 Al-81,Tuskegee,AL,32.4717993121329,-85.69024372513466
1439,Pilot TC #1439,420 N Lobdell Hwy,Port Allen,LA,30.45424884559722,-91.24543678650737
1440,Pilot TC #1440,115 Highway 167 N,Bald Knob,AR,35.32194823835406,-91.56246001349307
1450,-,"4392 El Indio Hwy, Eagle Pass, TX 78852",Eagle Pass,TX,28.6696,-100.4549
1452,Pilot TC #1452,159 Michael Spann Drive,Winfield,AL,33.99228325622322,-87.7782006711642
1458,Pilot TC #1458,23261 Cajalco Expy,Perris,CA,33.84015730472502,-117.2556915269852
1460,Pilot TC #1460,1 Cieten Plaza,Barry,IL,39.69439089202488,-91.03893876931363
1461,Pilot TC #1461,N905 Sauk Trail Rd,Cedar Grove,WI,43.57243925594256,-87.79907532328411
1467,Pilot TC #1467,1445 E Sauk Trail,Chicago Heights,IL,41.48827291451901,-87.57854124417898
1470,Pilot TC #1470,2360 US-59,Carthage,TX,32.14781148733414,-94.32567262513467
1478,Pilot TC #1478,3011 Lawe St,Kaukauna,WI,44.30790506682516,-88.2506811
1483,Pilot TC #1483,2209 E Court St,Kankakee,IL,41.120017106861,-87.83371508465683
1490,Pilot TC #1490,7530 Tn-222,Mason,TN,35.38699680284817,-89.40913177910514
1494,Pilot TC #1494,1221 N Rohlwing Rd,Itasca,IL,41.98994859722202,-88.03043121164205
1495,Pilot TC #1495,14640 S Cicero Ave,Midlothian,IL,41.62624664320169,-87.7383680288358
1549,PILOT #1549,75750 AL Highway 77,LINCOLN,AL,33.593727,-86.12173
1550,PILOT #1550,1600 County Road 437,GOOD HOPE,AL,34.116642,-86.863205
1577,PILOT #1577,106 Comfort Lane,PIONEER,TN,36.376686,-84.249695
4556,PILOT #4556,744 E State Road 44,WILDWOOD,FL,28.87424,-82.09006
4557,PILOT #4557,11156 Highway 106,CARNESVILLE,GA,34.389816,-83.22675
4558,PILOT #4558,2111 US Highway 41 NE,CALHOUN,GA,34.55887,-84.935936
4559,PILOT #4559,95 Liberty Road,VILLA RICA,GA,33.721687,-84.903625
4560,PILOT #4560,2995 GA-36,JACKSON,GA,33.210567,-84.05597
4561,PILOT #4561,3460 Madison Hwy,VALDOSTA,GA,30.754816,-83.27285
4562,PILOT #4562,2607 Scrubby Bluff Road,KINGSLAND,GA,30.760223,-81.65568
4563,PILOT #4563,7833 Linglestown Road,HARRISBURG,PA,40.35268,-76.72668
4566,PILOT #4566,2768 East Cherokee Street,BLACKSBURG,SC,35.165688,-81.45088
4568,PILOT #4568,574 Bettis Academy Road,GRANITEVILLE,SC,33.604183,-81.8409
4569,PILOT #4569,15976 Whyte Hardee Blvd,HARDEEVILLE,SC,32.269363,-81.0803
4576,PILOT #4576,9587 Charleston Hwy,ST GEORGE,SC,33.269245,-80.5673
4578,PILOT #4578,10959 State Highway 200,WINNSBORO,SC,34.508232,-81.00122
4579,PILOT #4579,1300 Burke Road,ST MATTHEWS,SC,33.632767,-80.87831
4580,PILOT #4580,2221 SC Highway 773,PROSPERITY,SC,34.24039,-81.45958
4581,PILOT #4581,1340 Sumter Hwy,BISHOPVILLE,SC,34.192802,-80.28234
4584,PILOT #4584,1504 Highway 38 W,LATTA,SC,34.344826,-79.53459
4596,PILOT #4596,3663 Roy Messer Highway,WHITE PINE,TN,36.10852,-83.33896
4597,PILOT #4597,502 Gordonsville Highway,GORDONSVILLE,TN,36.177296,-85.94928
4598,PILOT #4598,507 Highway 309,NIOTA,TN,35.544914,-84.565056
4599,PILOT #4599,640 Dixie Lee Avenue,MONTEAGLE,TN,35.233006,-85.8245
4619,PILOT WYTHEVILLE 4619,1318 East Lee Highway,WYTHEVILLE,VA,36.93863,-80.99214
4622,PILOT SOUTH BOSTON 4622,2190 Philpott Highway 58,SOUTH BOSTON,VA,36.675297,-78.92774
4642,PILOT TOMS BROOK 4642,1014 Mt. Olive Road,TOMS BROOK,VA,38.96694,-78.43793
4649,PILOT RAPHINE 4649,713 Oakland Circle,RAPHINE,VA,37.932484,-79.23143
4651,PILOT SKIPPERS 4651,781 Moores Ferry Road,SKIPPERS,VA,36.607006,-77.56102
4656,PILOT DISPUTANTA 4656,4610 County Drive,DISPUTANTA,VA,37.184795,-77.318375
6955,PILOT #6955,1044 Jimmy Kerr Road,HAW RIVER,NC,36.071014,-79.35164
6978,PILOT #6978,801 NC Highway 211E,CANDOR,NC,35.298504,-79.72734
6990,PILOT FLYING J SOUTHEAST 6990,1000 Truckstop Road,KENLY,NC,35.583553,-78.14783
6996,PILOT #6996,2574 W NC Highway 24,WARSAW,NC,34.9942,-78.12999
7971,PILOT #7971,1343 Rock Barn Road,CONOVER,NC,35.720806,-81.19017
7976,PILOT #7976,1006 Charlotte Hwy,TROUTMAN,NC,35.671356,-80.85605
7983,PILOT #7983,985 Peeler Road,SALISBURY,NC,35.612114,-80.520515
7996,PILOT #7996,2700 Chamber Drive,MONROE,NC,35.051224,-80.61891
8601,Pilot/J 8601,210 E. Main Street,Artesia,NM,32.8424,-104.396484
8603,PILOT ARTESIA 8603,620 W Mill Road,ARTESIA,NM,32.871967,-104.40138
8604,Pilot/J 8604,1200 W. Broadway Street,Hobbs,NM,32.700474,-103.150085
8612,Pilot/J 8612,801 Hobbs Hwy,Seminole,TX,32.719555,-102.65465
8616,Pilot/J 8616,State Hwy 115 and Mustang Drive,Andrews,TX,32.31284,-102.567505
8621,Pilot/J 8621,3015 Garden City Hwy.,Midland,TX,31.984324,-102.04282
8624,Pilot/J 8624,3479 W. 42Nd Street,Odessa,TX,31.87337,-102.425835
8625,Pilot/J 8625,715 S. Grandview Avenue,Odessa,TX,31.845264,-102.34059
8628,Pilot/J 8628,2807 N. US Hwy. 87,Big Spring,TX,32.281975,-101.497154
8638,PILOT THOMAS SONORA #8638,604 S. Hwy 277,SONORA,TX,30.580414,-100.64558
8658,PILOT 8658,3513 Nw County Road,HOBBS,NM,32.739872,-103.16312
